"survey","garden","city","impervious_1000","year","round","garden_yr","survey_richness","survey_diversity","survey_total_cover","survey_wild_richness","survey_wild_diversity","survey_wild_total_cover","survey_cult_richness","survey_cult_diversity","survey_cult_total_cover","survey_beta","survey_beta_wild","survey_beta_cult"
"AKT_2020_1","AKT","Berlin",28.52,2020,1,"AKT_2020",12.75,6.10342882383092,48.875,7.375,4.00565452179152,23,5.375,2.95076723288927,26.625,0.821886541482555,0.80348819198152,0.877833212504407
"AKT_2020_2","AKT","Berlin",28.52,2020,2,"AKT_2020",9.5,6.54052541404911,20.25,7,4.83411304936883,16.625,2.5,2.17000580720093,3.625,0.85644776961856,0.845138769261042,0.819224332683889
"AKT_2020_3","AKT","Berlin",28.52,2020,3,"AKT_2020",11.25,5.59731968508024,45.875,7.375,4.73395118151729,25.375,3.875,2.21832535809415,20.5,0.908574788267321,0.876911552473404,0.909763788198396
"AKT_2021_1","AKT","Berlin",28.52,2021,1,"AKT_2021",6.25,3.60783644249272,50.125,3.5,2.65618707949778,16.625,2.375,1.56859098502732,31.625,0.921045884382653,0.904180218528629,0.889213657875916
"AKT_2021_2","AKT","Berlin",28.52,2021,2,"AKT_2021",8.2,5.15616460729407,54.8,4.2,3.32559744319251,19.6,4,2.55934747574236,35.2,0.886553782727651,0.854851113722098,0.886554033127118
"AKT_2021_3","AKT","Berlin",28.52,2021,3,"AKT_2021",8.375,4.54260222501374,49.375,5.75,3.49269501322635,28.625,2.5,1.42305860587619,19.75,0.923503626348993,0.926108671861798,0.861684795677816
"AKT_2021_4","AKT","Berlin",28.52,2021,4,"AKT_2021",6.125,2.9752995,33.875,4.25,2.80508071499626,22.125,1.75,1.08179707289614,11,0.921947856078912,0.907566819678524,0.890843630108114
"AKT_2022_1","AKT","Berlin",28.52,2022,1,"AKT_2022",3,2.69847675,7.125,2.25,2.10146733111849,5.625,0.625,0.575,1,0.898319328350152,0.874175408855637,0.816496580929484
"AKT_2022_2","AKT","Berlin",28.52,2022,2,"AKT_2022",5.14285714285714,3.58954357142857,22.4285714285714,3.71428571428571,2.61225763911866,18.2857142857143,1.42857142857143,1.09478458049887,4.14285714285714,0.911449089276913,0.906387668955062,0.866025476470484
"AKT_2022_3","AKT","Berlin",28.52,2022,3,"AKT_2022",9.625,4.9962535,40.75,6,4.30130983192601,17,3.625,1.94110415092905,23.75,0.91685983647988,0.892322378953342,0.925820100784353
"AKT_2022_4","AKT","Berlin",28.52,2022,4,"AKT_2022",9,4.29337375,45.375,4.5,3.46719158737875,9.75,2.625,1.53021450262326,31.375,0.916426850203113,0.913408708566972,0.844822177202418
"AKT_2023_1","AKT","Berlin",28.52,2023,1,"AKT_2023",8.25,4.14839425,49.75,6.25,3.55910680431144,34.625,1,0.794897521982709,13.875,0.907213313060985,0.887214441214205,0.829019497349552
"AKT_2023_2","AKT","Berlin",28.52,2023,2,"AKT_2023",7,4.278701375,28.375,4.25,2.88686527935265,17.25,1.875,1.49064676616915,8.375,0.92609182954284,0.912205265681317,0.894427191709959
"AKT_2023_3","AKT","Berlin",28.52,2023,3,"AKT_2023",7,4.235422625,52,5.25,3.66834610317203,42.125,1,0.611520895643036,16.75,0.884276653832489,0.881506947618424,0.816496580930528
"ES_2021_1","ES","Munich",51.43,2021,1,"ES_2021",4.875,3.60077130578242,14.875,1.5,1.19660493827161,4.625,3.375,2.68657452221001,10.25,0.874557083196257,0.880393775329062,0.815164665533876
"ES_2021_2","ES","Munich",51.43,2021,2,"ES_2021",5.875,3.90719759879779,35,2.5,1.9015461126311,6.875,3.375,2.65198247031629,28.125,0.902734179601782,0.828567512058112,0.890705327943366
"ES_2021_3","ES","Munich",51.43,2021,3,"ES_2021",9.875,Inf,68.625,4.375,3.44967928983705,17.375,5.5,4.13324986165815,51.375,0.860427418920774,0.712699834973303,0.875298932830069
"ES_2021_4","ES","Munich",51.43,2021,4,"ES_2021",10.75,6.234901625,57.125,5.625,3.68396995675039,23.25,5.125,3.75605486551371,33.875,0.861846266129706,0.843613515920455,0.842806194795725
"ES_2021_5","ES","Munich",51.43,2021,5,"ES_2021",6.625,4.000508875,24.875,3.25,2.34152951772701,7.75,2.875,2.28579662026734,15.5,0.911822765548912,0.864503308409118,0.915395157403136
"ES_2022_1","ES","Munich",51.43,2022,1,"ES_2022",3.14285714285714,2.73255628571429,7.85714285714286,2.57142857142857,2.26320346320346,6.57142857142857,0.571428571428571,0.571428571428571,1.28571428571429,0.908096163815349,0.912170401029492,0.707106781186548
"ES_2022_2","ES","Munich",51.43,2022,2,"ES_2022",6.125,4.0860105,20,4.25,3.32871729726772,11.625,1.625,1.4765528589058,8,0.849234014149487,0.804815634414927,0.88761335311876
"ES_2022_3","ES","Munich",51.43,2022,3,"ES_2022",9.375,6.302732125,28.875,4.25,3.63942687747036,8.875,5,3.44362289832129,19.75,0.86630037255747,0.856626272215447,0.844230078925306
"ES_2022_4","ES","Munich",51.43,2022,4,"ES_2022",7.875,4.827178625,35.125,3.375,2.3213075656803,9,3.75,2.78545598085708,23.875,0.882866397056325,0.881257528298553,0.851023544730123
"ES_2022_5","ES","Munich",51.43,2022,5,"ES_2022",5,2.841161875,35.25,2.625,2.17811240900626,9.25,2.375,1.58957144425563,26,0.894604099350204,0.805837039989495,0.913691534397968
"ES_2023_1","ES","Munich",51.43,2023,1,"ES_2023",5,3.7672235,12,3,2.55204216073782,5.5,2,1.66207792207792,6.5,0.821813215201781,0.816496580929253,0.475914505449109
"ES_2023_2","ES","Munich",51.43,2023,2,"ES_2023",8.83333333333333,4.670609,41.6666666666667,3.66666666666667,2.31871661280076,13.8333333333333,3.66666666666667,2.76250966341235,24.6666666666667,0.890797046592242,0.869151486172048,0.850919447577554
"ES_2023_3","ES","Munich",51.43,2023,3,"ES_2023",10.25,5.7069465,58.75,4,2.88464079682985,11.75,6.25,3.93329762185019,48.25,0.907097206305442,0.888465991027671,0.911567671180207
"FG_2021_1","FG","Munich",34.39,2021,1,"FG_2021",5.75,4.56141251221896,19,5.75,4.56141251221896,19,0,0,0,0.726832483610173,0.726832483612068,NA
"FG_2021_2","FG","Munich",34.39,2021,2,"FG_2021",7.66666666666667,5.02780274989334,35.6666666666667,6,3.64777400321699,24,1.66666666666667,1.48526829268293,11.6666666666667,0.816044359430535,0.789153509776683,0.894427191320367
"FG_2021_3","FG","Munich",34.39,2021,3,"FG_2021",8,4.45015981344403,58.5,4.25,2.99753916754091,24.5,3.75,2.21851442105757,34.625,0.897678413788525,0.873152941471112,0.894427191000412
"FG_2021_4","FG","Munich",34.39,2021,4,"FG_2021",11.875,6.648344125,44.625,6.375,4.94279693321488,16.75,5.5,3.71725506773557,27.875,0.896242503110094,0.769285564773926,0.910270667141967
"FG_2021_5","FG","Munich",34.39,2021,5,"FG_2021",7.57142857142857,2.37409314285714,55,4.71428571428571,3.56691483460337,14.1428571428571,1.42857142857143,0.985620873691999,35.7142857142857,0.918304627553203,0.786885251053965,0.9128709291912
"FG_2022_1","FG","Munich",34.39,2022,1,"FG_2022",6,4.36821425,19.25,4.5,3.26772440562834,14,1,0.837614678899083,4,0.851262983947564,0.850102623612912,0.707106781186548
"FG_2022_2","FG","Munich",34.39,2022,2,"FG_2022",9.14285714285714,4.35986785714286,39.8571428571429,7.28571428571429,4.71985735495404,29.4285714285714,1.85714285714286,0.857166297481336,10.4285714285714,0.802554575202144,0.805646716959845,0.697801114570293
"FG_2022_3","FG","Munich",34.39,2022,3,"FG_2022",4.6,3.2206678,20.4,3.2,2.24310317464434,10.4,1.4,1.01680960548885,10,0.876745069448766,0.870423465170756,0.816496580930944
"FG_2022_4","FG","Munich",34.39,2022,4,"FG_2022",7.42857142857143,3.43830757142857,48.5714285714286,4,2.74738023304322,14.4285714285714,3,1.75696191885331,33.2857142857143,0.895098154879703,0.843677211954745,0.894427191480971
"FG_2022_5","FG","Munich",34.39,2022,5,"FG_2022",5,3.354101125,32.75,2.875,2.13815141934008,13.75,2.125,1.70088743299583,19,0.911532309258202,0.86819032784831,0.858376454363797
"FG_2023_1","FG","Munich",34.39,2023,1,"FG_2023",9,5.655637,38,6,4.55079999701712,21,3,1.7149236884723,17,0.796855973461478,0.761952879545486,0.689370978015236
"FG_2023_2","FG","Munich",34.39,2023,2,"FG_2023",6,2.82274825,46,2.75,1.49379364615488,24.75,3.25,2.0024337646334,21.25,0.739953493255367,0.543569538094196,0.784027825764928
"FG_2023_3","FG","Munich",34.39,2023,3,"FG_2023",7.66666666666667,3.99059333333333,75.6666666666667,3,1.97400426249327,23,2.66666666666667,1.94729557487545,50.6666666666667,0.906163356392526,0.883997704942883,0.912870929176038
"GASTS_2020_1","GASTS","Berlin",32.72,2020,1,"GASTS_2020",8.5,4.53246101304007,44,7.875,4.31618166200632,41.375,0.625,0.586206896551724,2.625,0.820415829733147,0.819393606714722,0.86602540382064
"GASTS_2020_2","GASTS","Berlin",32.72,2020,2,"GASTS_2020",11.125,5.65519828967002,37,8.5,6.40102139186607,15.875,2.625,1.69072341832237,21.125,0.85687938218462,0.778149399833815,0.771044127531948
"GASTS_2020_3","GASTS","Berlin",32.72,2020,3,"GASTS_2020",9.625,3.99454233173313,41.25,7.5,4.89167501469345,19,2.125,1.34207679240694,22.375,0.822068617053957,0.736471968307972,0.711290281945501
"GASTS_2021_1","GASTS","Berlin",32.72,2021,1,"GASTS_2021",10.125,6.84575003525496,52,8.25,5.71753433668315,42.5,1.75,1.42389100126743,9.375,0.830889131638832,0.803122447864662,0.893295656659196
"GASTS_2021_2","GASTS","Berlin",32.72,2021,2,"GASTS_2021",8.75,5.41753725396886,72,5.875,3.7036862587992,36,2.875,2.08265709169996,36,0.891375862870561,0.833452373810268,0.896536845556972
"GASTS_2021_3","GASTS","Berlin",32.72,2021,3,"GASTS_2021",7.125,3.92989765324993,44.875,5.5,3.1095485782235,28.875,1.625,1.21691899450749,16,0.871192595514937,0.807650380901185,0.745275389617721
"GASTS_2021_4","GASTS","Berlin",32.72,2021,4,"GASTS_2021",6.5,3.639873,26.625,5.5,3.34712398385583,17.375,1,0.773832464293811,9.25,0.846472756165359,0.797212159667821,0.816496585398806
"GASTS_2022_1","GASTS","Berlin",32.72,2022,1,"GASTS_2022",7.375,5.6883235,19.625,5.25,3.81746689916062,16.5,2.125,1.93459595959596,3.125,0.824503407830085,0.705175577984265,0.818505539816646
"GASTS_2022_2","GASTS","Berlin",32.72,2022,2,"GASTS_2022",8.5,5.2004645,25.25,6.75,3.89889600275683,20.875,1.625,1.47413793103448,3.75,0.80825045766449,0.783159201972754,0.80558632109402
"GASTS_2022_3","GASTS","Berlin",32.72,2022,3,"GASTS_2022",8.875,4.266164625,52.75,6.5,3.99125145827334,32.5,2.375,1.09822674524225,22.25,0.863888125803905,0.780038143828317,0.814379621255694
"GASTS_2022_4","GASTS","Berlin",32.72,2022,4,"GASTS_2022",8.375,3.989669375,53.5,5.125,2.83387738609106,31.875,2.75,1.77372377039689,20.75,0.680877249127549,0.637538673690788,0.767818389052197
"GASTS_2023_1","GASTS","Berlin",32.72,2023,1,"GASTS_2023",13.1428571428571,5.10870385714286,78.1428571428571,12.7142857142857,4.90620081463946,76.4285714285714,0.285714285714286,0.197802197802197,1.71428571428571,0.746654855225766,0.745519804645014,NA
"GASTS_2023_2","GASTS","Berlin",32.72,2023,2,"GASTS_2023",8.625,4.795327625,34.625,6.375,4.23446223853561,22.5,2.25,1.24602354951503,12.125,0.788032913273139,0.749037011906332,0.595309492495472
"GASTS_2023_3","GASTS","Berlin",32.72,2023,3,"GASTS_2023",12.75,7.296697875,64.25,10.125,6.64889400383229,43.875,2.625,1.80421281790597,21,0.804033992789534,0.744957128782301,0.703551194766976
"GDB_2020_1","GDB","Berlin",29.59,2020,1,"GDB_2020",8.14285714285714,4.05748670685993,21.1428571428571,3.28571428571429,2.80408163265306,4.14285714285714,4.85714285714286,2.79714958025275,17,0.915876667059769,0.879607736120178,0.917552573605927
"GDB_2020_3","GDB","Berlin",29.59,2020,3,"GDB_2020",11.8333333333333,4.18963709488504,46.8333333333333,7.66666666666667,5.0562937062937,13.3333333333333,4.16666666666667,2.20339601774688,33.5,0.898114618768671,0.798536917957943,0.840722428757644
"GDB_2021_1","GDB","Berlin",29.59,2021,1,"GDB_2021",5.16666666666667,3.48796748808781,46.6666666666667,1.33333333333333,1.11356932153392,4.16666666666667,3.83333333333333,2.93434443764429,42.5,0.910199346921302,0.658392731943653,0.910409824956513
"GDB_2021_2","GDB","Berlin",29.59,2021,2,"GDB_2021",6.875,3.98231143943129,43.625,3.75,3.01758831378714,13.75,2.875,2.04608952216741,28.875,0.897539926450005,0.85757860430579,0.855228447949927
"GDB_2021_3","GDB","Berlin",29.59,2021,3,"GDB_2021",6.71428571428571,3.89330969135155,42.4285714285714,2.85714285714286,2.53506493506493,6.71428571428571,3.85714285714286,2.19486707545157,35.7142857142857,0.890974461789044,0.772657579720807,0.853577824531219
"GDB_2021_4","GDB","Berlin",29.59,2021,4,"GDB_2021",8.71428571428571,4.41113085714286,47.2857142857143,5,3.25661263961384,19.4285714285714,3.71428571428571,2.80434299546063,27.8571428571429,0.899379083863405,0.790786767743695,0.921449741209957
"GDB_2022_1","GDB","Berlin",29.59,2022,1,"GDB_2022",6.375,4.204945,13,5.125,3.97395833333333,8.375,1.125,0.81857600465929,4.25,0.877973221103697,0.854913334725483,0.83229371339528
"GDB_2022_2","GDB","Berlin",29.59,2022,2,"GDB_2022",7.4,4.3116978,17.4,4.2,2.70498776585733,7.6,2.6,2.13429485775754,8.8,0.883456490122974,0.871938463004887,0.888026663092915
"GDB_2022_3","GDB","Berlin",29.59,2022,3,"GDB_2022",5.625,3.228207,34.625,1.375,1.06754446754447,4,4.25,2.77453478942717,30.625,0.875284809521034,0.866025404139465,0.873352294856691
"GDB_2022_4","GDB","Berlin",29.59,2022,4,"GDB_2022",11,7.3641392,29.8,5.2,3.87080819096086,10,4.8,4.29877233877235,13.6,0.832720490807504,0.728055209155558,0.795760419928544
"GDB_2023_1","GDB","Berlin",29.59,2023,1,"GDB_2023",11.125,6.6609365,40.75,10,6.32158938903857,33.375,1,0.875538020086084,7.25,0.850680645771062,0.802852891008335,0.866025403801433
"GDB_2023_2","GDB","Berlin",29.59,2023,2,"GDB_2023",11.4285714285714,6.37159271428571,46.8571428571429,8,5.34756257635568,20.4285714285714,3,2.31251251542678,24,0.884108960895671,0.841940023847959,0.850274413207718
"GDB_2023_3","GDB","Berlin",29.59,2023,3,"GDB_2023",11.625,5.616936375,56.625,9.375,6.32465944715019,30.875,2.25,1.73454283311306,31.875,0.894722111007597,0.865807463343349,0.856567050178265
"GG_2021_1","GG","Munich",60.24,2021,1,"GG_2021",6.5,4.09243204465694,30.5,3.75,2.52129817444219,15,2.75,2.00194137060765,15.5,0.850786840447524,0.795607413977311,0.802513731732879
"GG_2021_2","GG","Munich",60.24,2021,2,"GG_2021",8.2,5.52892573660848,38,4.6,3.52213642213642,16.8,3.6,2.78911040577924,21.2,0.803516632025816,0.759253849664928,0.808847928555138
"GG_2021_3","GG","Munich",60.24,2021,3,"GG_2021",7.5,5.03410767587681,35.8333333333333,5.66666666666667,4.11615370805013,23.8333333333333,1.83333333333333,1.31584905155308,18.8333333333333,0.853643240067247,0.812910279826992,0.707106781186548
"GG_2021_4","GG","Munich",60.24,2021,4,"GG_2021",8.4,5.3206548,36.8,5.4,3.79978594908646,18.6,3,2.08294039965946,18.2,0.853381025015764,0.836040117231787,0.816907265755919
"GG_2022_1","GG","Munich",60.24,2022,1,"GG_2022",2.66666666666667,1.66727933333333,8,2,1.82352941176471,3,0.666666666666667,0.6,5,0.816496580928005,0.816496580929622,NA
"GG_2022_2","GG","Munich",60.24,2022,2,"GG_2022",7.33333333333333,5.025792,25.3333333333333,4.66666666666667,3.98353909465021,12,2.66666666666667,1.94729907773386,13.3333333333333,0.814039014729966,0.806644713752888,0.707106781186547
"GG_2022_3","GG","Munich",60.24,2022,3,"GG_2022",5.75,2.942728,24.75,4.75,2.84181286549708,11.75,1,0.793478260869565,13,0.839725864863015,0.824168317419448,0.707106781186547
"GG_2022_4","GG","Munich",60.24,2022,4,"GG_2022",6,3.624022,20.6666666666667,5.66666666666667,3.58147691724334,15.6666666666667,0,0,0,0.810157175156583,0.8061295930117,NA
"GG_2023_1","GG","Munich",60.24,2023,1,"GG_2023",9,5.063291,40,5,4.12903225806452,16,4,2.26771653543307,24,NA,NA,NA
"GG_2023_2","GG","Munich",60.24,2023,2,"GG_2023",5,3.301446,43.5,2,1.2390099009901,25.5,3,2.06369426751592,18,0.707106781186547,0.707106781186547,NA
"GP_2021_1","GP","Munich",55.53,2021,1,"GP_2021",10,5.8749915108147,47.25,5.875,4.16319513239077,22.625,4.125,2.41955679972072,24.625,0.907066692475745,0.877452901262166,0.90065826568275
"GP_2021_2","GP","Munich",55.53,2021,2,"GP_2021",8.875,4.57567493556336,60,3.375,2.63855523561406,9.875,5.5,3.06815500916471,50.125,0.927451210960246,0.879622029555387,0.929500934028475
"GP_2021_3","GP","Munich",55.53,2021,3,"GP_2021",11.375,6.32660371172094,71.5,6.5,4.49619239628646,33.625,4.875,2.89735472504912,42.25,0.892389880144814,0.850155562886801,0.908122175361553
"GP_2021_4","GP","Munich",55.53,2021,4,"GP_2021",7,5.06917425,61.875,4,2.82688994236295,28.125,3,2.47997505539513,33.75,0.913410875860383,0.896336251829904,0.919385449496637
"GP_2022_1","GP","Munich",55.53,2022,1,"GP_2022",11.625,8.04635775,53.375,5.375,4.02244424447218,20.25,6,4.32529003017467,32.25,0.861099482432504,0.839660943433592,0.848832912048266
"GP_2022_2","GP","Munich",55.53,2022,2,"GP_2022",14.25,7.927542,47.625,7.25,3.93559160262172,21.25,6.125,4.21450148279224,24.125,0.873003744705544,0.799724600833529,0.894739808968061
"GP_2022_3","GP","Munich",55.53,2022,3,"GP_2022",10,6.1248465,44.375,3.375,2.88974358974359,8.5,6.625,4.49904847567451,35.875,0.904843753495481,0.843733362583365,0.90629681971185
"GP_2022_4","GP","Munich",55.53,2022,4,"GP_2022",13.625,8.13455675,54.125,5.875,4.41132648558165,13.625,5.875,3.74162989568587,31.875,0.87193373940478,0.73970011836234,0.897454059180188
"GP_2023_1","GP","Munich",55.53,2023,1,"GP_2023",7.5,3.81647025,48.75,6,2.99546417125429,36.75,1.5,0.906040268456375,12,0.764141204167424,0.71920991232928,0.816496580953504
"GP_2023_2","GP","Munich",55.53,2023,2,"GP_2023",9.375,5.8949615,40.25,4.75,3.06225409178488,15.5,4.25,3.06102996803665,23.125,0.908851478649276,0.892433444896208,0.89619247223651
"GP_2023_3","GP","Munich",55.53,2023,3,"GP_2023",9,5.777418625,48.625,4.25,2.97989637756435,15.875,4,3.4064423296312,29.875,0.891541097258013,0.809294221286509,0.897920785574398
"HB_2020_1","HB","Berlin",58.45,2020,1,"HB_2020",7,2.90018517420658,34.5,2.16666666666667,1.98888888888889,2.83333333333333,4.83333333333333,2.21477564307683,31.6666666666667,0.886728548854822,0.775074093808962,0.85547610768615
"HB_2020_2","HB","Berlin",58.45,2020,2,"HB_2020",14.75,7.18020483681355,58.125,6.875,4.61719022372898,14.5,7.875,4.84746382383274,43.625,0.87791087548965,0.840455933671575,0.870630753984271
"HB_2020_3","HB","Berlin",58.45,2020,3,"HB_2020",14.875,5.73498593807589,71.5,8.875,4.36678018092111,25.5,6,2.97517311327834,46,0.913064134987561,0.859383434148973,0.917086550806746
"HB_2021_1","HB","Berlin",58.45,2021,1,"HB_2021",8,4.32026438632182,37.375,4.75,3.57800330468241,12.25,3.25,1.92209502357342,25.125,0.868013611928676,0.824808060832533,0.795506351462061
"HB_2021_2","HB","Berlin",58.45,2021,2,"HB_2021",9,5.2142296597644,66.25,5,3.78821458947924,27,4,2.38367384042433,39.25,0.903771785679124,0.877779188505562,0.897868908466363
"HB_2021_3","HB","Berlin",58.45,2021,3,"HB_2021",9.125,3.69933530483827,64.75,5.375,3.43631408733258,20.625,3.625,1.82278893415273,44,0.910010243578417,0.907502745456727,0.890732170957806
"HB_2021_4","HB","Berlin",58.45,2021,4,"HB_2021",9.14285714285714,6.351977,26.4285714285714,5.85714285714286,4.38166498931794,11,3.14285714285714,2.57845346060929,15.2857142857143,0.822749308175256,0.81351446492152,0.824899947842559
"IGF_2021_1","IGF","Munich",67.13,2021,1,"IGF_2021",7.25,4.42618745528311,42.75,4.5,3.55909638658753,17.375,2.625,1.81409549745828,24.5,0.919437126824172,0.899383143133693,0.876844233598457
"IGF_2021_2","IGF","Munich",67.13,2021,2,"IGF_2021",11.2857142857143,6.24880150293536,55.2857142857143,7.42857142857143,4.50290040171797,31.7142857142857,3.85714285714286,2.67982732689494,26.1428571428571,0.886065881722693,0.856044742578305,0.798479932252937
"IGF_2021_3","IGF","Munich",67.13,2021,3,"IGF_2021",10.25,5.54468865873192,59.875,6.5,4.71000589540012,19.25,3.75,2.70255358643024,41.5,0.903670322761665,0.881007313944262,0.875435717492128
"IGF_2021_4","IGF","Munich",67.13,2021,4,"IGF_2021",13.375,7.224958625,59.125,9.125,5.63109859694201,31.125,4.25,3.07528650917524,28,0.870424911105947,0.851091167611468,0.899799434646837
"IGF_2022_1","IGF","Munich",67.13,2022,1,"IGF_2022",9.375,5.999807375,33.875,4.875,3.57669285447063,11.375,4.125,3.14107601765551,21.625,0.905988212433194,0.880887416215778,0.894538921712581
"IGF_2022_2","IGF","Munich",67.13,2022,2,"IGF_2022",14.125,8.66567625,42.625,7.625,5.45267335459726,16.75,5.875,4.13633155320049,25,0.875908245547025,0.741024053208567,0.915812439873913
"IGF_2022_3","IGF","Munich",67.13,2022,3,"IGF_2022",10.25,6.0664335,48.875,4.5,3.24113568846076,13.25,5.625,3.86699601724051,35.5,0.920820032347859,0.889855949791284,0.911099724524487
"IGF_2022_4","IGF","Munich",67.13,2022,4,"IGF_2022",9.375,5.71673425,37.375,5.75,3.6546695873816,16.5,3,2.35734973283034,19.125,0.915006288084378,0.885553166391694,0.895444486835951
"IGF_2023_1","IGF","Munich",67.13,2023,1,"IGF_2023",16,11.20721325,38.5,13.25,9.06342099613568,29.5,2.75,2.25541586073501,9,0.782856503362563,0.800618075464427,0.702992351320987
"IGF_2023_2","IGF","Munich",67.13,2023,2,"IGF_2023",7.125,4.666537625,36,4.125,3.20793442508223,14.75,2,1.56214134702507,17.875,0.923959091542501,0.905997313352711,0.89206760124014
"IGF_2023_3","IGF","Munich",67.13,2023,3,"IGF_2023",7.75,5.0699445,59.5,4.375,3.12233007823327,22.5,3.25,2.71773450137276,35.5,0.91308653012741,0.906243990583511,0.879657544332979
"KF_2020_1","KF","Berlin",23.85,2020,1,"KF_2020",11.125,5.58035211100389,45.75,8.625,4.77893398132044,34.125,2.5,1.66801059514298,17.125,0.893891714101023,0.870644741283882,0.884587979545393
"KF_2020_2","KF","Berlin",23.85,2020,2,"KF_2020",11.375,5.53918717342578,50.25,8.5,6.38854025661195,20.25,2.875,1.39600028421547,30,0.897784733147102,0.825895070892879,0.898954286649765
"KF_2020_3","KF","Berlin",23.85,2020,3,"KF_2020",11.625,5.94434742204862,49.125,8.25,5.19405921174686,27.625,3.375,2.2771817559169,21.5,0.912795181467531,0.877249692388791,0.891115555046645
"KF_2021_1","KF","Berlin",23.85,2021,1,"KF_2021",10,5.42228643337203,46,7.375,4.15324797934899,29.125,2.5,1.73453840017091,15.875,0.87424149990874,0.868032264148093,0.911065636845388
"KF_2021_2","KF","Berlin",23.85,2021,2,"KF_2021",10,6.23264209289695,58.2857142857143,7,4.54042764884296,31.8571428571429,2.42857142857143,1.73764935590659,22.7142857142857,0.861068953438659,0.857259960455029,0.911737708576001
"KF_2021_3","KF","Berlin",23.85,2021,3,"KF_2021",9.5,5.20128754684085,71.125,5.25,4.13725426235568,22,4,2.69547211006013,48.875,0.909246232934283,0.865364356688816,0.928041443474372
"KF_2021_4","KF","Berlin",23.85,2021,4,"KF_2021",8.75,4.88089125,31.25,6.75,5.41111712921172,14.75,1.75,1.34594307846507,16.125,0.890280490833937,0.834987029886412,0.894427191241136
"KF_2022_1","KF","Berlin",23.85,2022,1,"KF_2022",5.71428571428571,4.33371142857143,16.4285714285714,4.71428571428571,3.8976429750952,11.2857142857143,0.714285714285714,0.714285714285714,3.28571428571429,0.877949504300452,0.848153657881454,0.866025404169243
"KF_2022_2","KF","Berlin",23.85,2022,2,"KF_2022",8.125,4.8235585,27.375,6.125,3.8999542866699,15.625,1.375,0.831836305950953,9.875,0.9052502808072,0.883558270054883,0.863663915037257
"KF_2022_3","KF","Berlin",23.85,2022,3,"KF_2022",8,4.791189,28.4285714285714,4.71428571428571,3.68405050454726,13,3.28571428571429,1.94990467086014,15.4285714285714,0.909789159527014,0.883678317936898,0.919640603846718
"KF_2022_4","KF","Berlin",23.85,2022,4,"KF_2022",8.25,4.2860735,38.5,6,4.16000670466763,24.875,1.625,1.06584758469702,11.5,0.809292427625394,0.832112511682699,0.894427191248519
"KF_2023_1","KF","Berlin",23.85,2023,1,"KF_2023",11.625,5.405802625,59.75,10.25,5.51233722917567,46.5,0.875,0.678987362022076,18.125,0.836114285729495,0.786014516157685,0.866025404656076
"KF_2023_2","KF","Berlin",23.85,2023,2,"KF_2023",10,4.566041,45.5714285714286,7.57142857142857,3.67324944007373,29.8571428571429,2,1.28950498237845,11.1428571428571,0.855173965938736,0.839239342104118,0.894427191057702
"KF_2023_3","KF","Berlin",23.85,2023,3,"KF_2023",10.625,5.775934875,50.125,8.375,4.16430316503265,37.75,2,1.74153039691628,14.625,0.887762255131447,0.889355215091548,0.845428296971399
"KGP_2022_1","KGP","Munich",53.37,2022,1,"KGP_2022",5.625,2.93921575,35,4.875,3.04349517216703,23.75,0.75,0.60768503192244,11.25,0.892677841722566,0.858311001747758,0.828196583168611
"KGP_2022_2","KGP","Munich",53.37,2022,2,"KGP_2022",7.875,4.211406625,37.125,7.375,3.87733969035809,34.625,0.5,0.405038759689922,2.5,0.836306842243246,0.818556405610296,0.707106781186547
"KGP_2022_3","KGP","Munich",53.37,2022,3,"KGP_2022",6.125,3.701284625,36.125,4.375,3.05574151979988,19.625,1.75,1.30524642289348,16.5,0.890915781601127,0.871551358770119,0.83027096270718
"KGP_2022_4","KGP","Munich",53.37,2022,4,"KGP_2022",8.125,4.010331125,50.75,6.5,3.80151915652165,25.25,1.625,1.05424771065273,25.5,0.905818371424614,0.884495620894221,0.858115609027464
"KGP_2023_1","KGP","Munich",53.37,2023,1,"KGP_2023",4.5,1.75384925,59.5,3.25,1.67615772941099,22.25,1.25,0.56499428921683,37.25,0.741790383943353,0.433273577822652,0.707106781186548
"KGP_2023_2","KGP","Munich",53.37,2023,2,"KGP_2023",5.125,3.07647725,26.375,3.75,2.68151590227927,16.75,1.25,0.950888692492758,9.375,0.893950389722821,0.857794237576667,0.86602540403104
"KGP_2023_3","KGP","Munich",53.37,2023,3,"KGP_2023",6.875,3.84344075,68,2.625,1.9987880415259,16.75,2.5,1.77340875940235,36,0.9279300885124,0.875498605471056,0.883629980280949
"KG_2021_1","KG","Munich",9.57,2021,1,"KG_2021",6,3.86984421635554,27.7142857142857,5.57142857142857,3.6420354749073,25.7142857142857,0.428571428571429,0.428571428571429,2,0.717380501616569,0.713895008829734,0.707106781186547
"KG_2021_2","KG","Munich",9.57,2021,2,"KG_2021",13.875,8.37355359709086,73.25,12,8.4264265987334,50,1.875,1.64912657215086,23.625,0.808147216545611,0.729447469869598,0.822903311105177
"KG_2021_3","KG","Munich",9.57,2021,3,"KG_2021",7.375,Inf,66.625,6.125,3.90883940930552,33.625,1.25,1.15451620324341,33.75,0.810896670175999,0.7977837307068,0.707106786630017
"KG_2021_4","KG","Munich",9.57,2021,4,"KG_2021",8.5,3.235894375,74,7,4.42112471444168,41.5,1.5,0.859083366851836,36.25,0.863721586332644,0.857554296283199,0.912871038867783
"KG_2021_5","KG","Munich",9.57,2021,5,"KG_2021",8,4.010915625,39.25,7.125,4.06060881798061,30.875,0.5,0.45,6.375,0.817721174719609,0.781019255173172,0.106788162004642
"KG_2022_1","KG","Munich",9.57,2022,1,"KG_2022",9.2,4.5740608,43.8,7.8,4.02090959740814,38.6,1.4,1.26153846153846,5.2,0.757010509384498,0.732682411157792,0.866025403812102
"KG_2022_2","KG","Munich",9.57,2022,2,"KG_2022",5.375,3.0676345,29.75,4.75,2.87655504662261,25.625,0.625,0.524752475247525,4.125,0.848963391988197,0.839420370782277,0.707106795690603
"KG_2022_3","KG","Munich",9.57,2022,3,"KG_2022",9.25,5.282414875,40.875,7.5,5.7820784834754,16.25,1.75,1.4157506067367,24.625,0.814690719545072,0.80341352821472,0.759474353777112
"KG_2022_4","KG","Munich",9.57,2022,4,"KG_2022",8.25,3.23072125,62.5,5.875,3.38635292390528,21.625,1.875,1.42219355427443,39.25,0.898661370396146,0.70942888426224,0.892583368734483
"KG_2022_5","KG","Munich",9.57,2022,5,"KG_2022",5.875,3.4601785,48,4.375,3.29092581919607,19.25,1.5,1.25802752293578,28.75,0.910819660678053,0.814254710010536,0.923338906221491
"KG_2023_1","KG","Munich",9.57,2023,1,"KG_2023",4.5,3.174324875,16,4.25,3.03355967572412,12.25,0.25,0.25,3.75,0.900267890526965,0.877756308011601,0.707106781186546
"KG_2023_2","KG","Munich",9.57,2023,2,"KG_2023",8.75,3.55323275,37.625,7.625,5.50210428616274,25,1,0.946501014198783,12.5,0.892065771826278,0.863065046652371,0.826181339233289
"KG_2023_3","KG","Munich",9.57,2023,3,"KG_2023",6.88888888888889,3.95371333333333,49.4444444444444,6.11111111111111,4.21076251114379,41.8888888888889,0.777777777777778,0.547561116904182,7.55555555555556,0.880838069092183,0.860075680676851,0.659334779177914
"KLG_2020_1","KLG","Berlin",96.16,2020,1,"KLG_2020",18.6,8.96532983362122,45,12.4,6.74067196606404,25.2,6.2,3.54117002558343,19.8,0.851805843999961,0.788721018297849,0.876395553729481
"KLG_2020_2","KLG","Berlin",96.16,2020,2,"KLG_2020",15.2,5.89204628435657,45.4,11.4,5.1787968922613,29.4,3.8,2.62168339844413,16,0.859402038951564,0.83643100977777,0.851696043069275
"KLG_2020_3","KLG","Berlin",96.16,2020,3,"KLG_2020",14.25,3.08316058284013,69.75,10.25,7.69751333677509,17.75,4,1.66165253704083,57.25,0.865128307568654,0.800027066903076,0.866025404024263
"KLG_2021_1","KLG","Berlin",96.16,2021,1,"KLG_2021",13.25,7.70339536034577,73.5,7.75,4.88933937409607,42,5.5,4.03972445185579,31.5,0.7912916039168,0.79468947436094,0.735299733035298
"KLG_2021_2","KLG","Berlin",96.16,2021,2,"KLG_2021",7.6,4.78410666795122,56.2,3.8,2.8156327470567,19.2,3.6,2.39759527154522,36.6,0.886383117662168,0.86602540378469,0.890592188282258
"KLG_2021_3","KLG","Berlin",96.16,2021,3,"KLG_2021",6.66666666666667,3.69555093505835,53.3333333333333,2.66666666666667,2.39047619047619,9.33333333333333,3.66666666666667,2.29099053793647,43.3333333333333,0.795784241915212,0.688961203058634,0.799807190193042
"KLG_2021_4","KLG","Berlin",96.16,2021,4,"KLG_2021",8.8,4.3263398,44.6,3.6,2.7157875916324,7.4,4.4,2.64262304174974,29.4,0.860609858188953,0.884831877086356,0.892864098276625
"KLG_2022_1","KLG","Berlin",96.16,2022,1,"KLG_2022",7.25,5.168142,24.75,2,0.978176318063958,5.25,2,1.45878010878011,10.75,0.848908856496294,0.707106781186547,0.816496580935706
"KLG_2022_2","KLG","Berlin",96.16,2022,2,"KLG_2022",11.5,6.68225075,43,8.25,4.9559524399511,20.5,0.5,0.4,2,0.794660041252829,0.850777607167282,NA
"KLG_2022_3","KLG","Berlin",96.16,2022,3,"KLG_2022",12,6.9256775,39.5,7,5.67905502736964,23,5,3.23619631901841,16.5,0.707106781186548,0.707106781186535,0.70710678118655
"KLG_2022_4","KLG","Berlin",96.16,2022,4,"KLG_2022",6.66666666666667,3.17135266666667,60.6666666666667,3.33333333333333,2.41176470588235,8.33333333333333,2.33333333333333,1.5614290860053,50.3333333333333,0.816496580930542,0.81649658228691,0.816496580927728
"KLG_2023_1","KLG","Berlin",96.16,2023,1,"KLG_2023",15,7.07656575,92.75,11.5,5.07656163852232,78.5,3.5,2.67072759937121,27.75,0.809848605954046,0.802867566382182,0.837063816183705
"KLG_2023_2","KLG","Berlin",96.16,2023,2,"KLG_2023",10.3333333333333,5.30362033333333,56,6.66666666666667,5.35186828354529,19.3333333333333,3,1.92076413763161,40,0.813484067613072,0.811455262590998,0.707106781186547
"KLG_2023_3","KLG","Berlin",96.16,2023,3,"KLG_2023",7.6,3.7023938,56.2,5.4,2.75390169158802,22.4,2.2,1.68058101591152,33.8,0.863612363397046,0.758668249201795,0.894427191076289
"KP_2021_1","KP","Munich",17.05,2021,1,"KP_2021",5.5,4.0395639993104,35,5,3.67855281489251,32.5,0.5,0.5,2.5,0.626557464132511,0.602774056451537,0.866025403784916
"KP_2021_2","KP","Munich",17.05,2021,2,"KP_2021",7.625,4.54845253246191,48.5,6.75,4.09576459181833,39.75,0.875,0.637073686830967,8.75,0.647965992201862,0.572684739918829,0.866025403786889
"KP_2021_3","KP","Munich",17.05,2021,3,"KP_2021",5.375,3.76438052578616,43.5,4.25,3.10731585857355,33.875,1.125,1.05919195483416,9.625,0.694799081047479,0.583881164158573,0.925820100116979
"KP_2021_4","KP","Munich",17.05,2021,4,"KP_2021",6.75,3.58287325,39.25,5.75,3.47282078772685,33,1,0.808666666666666,6.25,0.69362796814312,0.63564134304546,0.816496585589099
"KP_2022_1","KP","Munich",17.05,2022,1,"KP_2022",4.375,3.167474125,16.5,4.125,3.00168156130695,15,0.125,0.125,1.25,0.686489258185257,0.607481086691628,NA
"KP_2022_2","KP","Munich",17.05,2022,2,"KP_2022",5.42857142857143,3.59725828571429,21.8571428571429,5.42857142857143,3.59725817127381,21.8571428571429,0,0,0,0.584551914182586,0.584551914182584,NA
"KP_2022_3","KP","Munich",17.05,2022,3,"KP_2022",4.57142857142857,3.24983014285714,39.8571428571429,4.14285714285714,2.83831237274997,37.7142857142857,0.428571428571429,0.428571428571429,2.14285714285714,0.71162189089645,0.677030775258816,0.707106781186548
"KP_2022_4","KP","Munich",17.05,2022,4,"KP_2022",4,2.45688042857143,41.4285714285714,3,1.85989100626241,36.5714285714286,0.857142857142857,0.795918367346939,3.42857142857143,0.442625048157326,0.270252128861327,0.866025403785715
"KP_2023_2","KP","Munich",17.05,2023,2,"KP_2023",5.375,3.226817,46.25,4.875,3.22489331211631,38.75,0.5,0.396739130434782,7.5,0.771551528925821,0.693678109966627,0.707106781186548
"KP_2023_3","KP","Munich",17.05,2023,3,"KP_2023",4.25,1.8426495,65.5,3.75,1.46679005784877,55.5,0.5,0.5,10,0.576599105646144,0.410768581167014,0.707106781186548
"MG_2022_1","MG","Berlin",63.6,2022,1,"MG_2022",4.25,2.569114,15.125,3.75,2.33390097206461,13,0.375,0.274752475247525,1.5,0.825966484439615,0.815665905977558,0.707106781186548
"MG_2022_2","MG","Berlin",63.6,2022,2,"MG_2022",5.125,3.04344925,32.25,3.375,2.33006064981602,18.5,1.375,1.06641914191419,13.125,0.848630962715168,0.805803291657537,0.858624601482624
"MG_2022_3","MG","Berlin",63.6,2022,3,"MG_2022",4.5,3.32891125,16,2.75,2.11644461203285,9.5,1.75,1.48338940285955,6.5,0.860252866698849,0.855209435316162,0.863029358684609
"MG_2022_4","MG","Berlin",63.6,2022,4,"MG_2022",5.25,3.24254125,30.875,4.375,2.99666702838022,22.125,0.5,0.423076923076922,6.5,0.864178155503427,0.86945160836278,0.816496580927878
"MG_2023_1","MG","Berlin",63.6,2023,1,"MG_2023",10.875,5.2631525,44.875,9.25,5.27283721524429,30.125,1.375,0.94781955710924,10.875,0.866657269040043,0.872970536545633,0.62970510132566
"MG_2023_2","MG","Berlin",63.6,2023,2,"MG_2023",7.25,4.462231125,30,6.25,4.10879179951664,27,0.25,0.235294117647059,1,0.777401352756256,0.772297608889811,NA
"MG_2023_3","MG","Berlin",63.6,2023,3,"MG_2023",9.125,4.651433875,57.125,6.75,3.45522398747339,40,2.25,1.59140528696909,16.625,0.832231477217126,0.767516016265596,0.752262384282047
"OBZ_2021_1","OBZ","Munich",37.2,2021,1,"OBZ_2021",10,5.26030198062469,70.375,6.75,3.96051514045881,43.5,3.25,2.04322436866037,30.375,0.889380255739313,0.814873863705012,0.892292129373442
"OBZ_2021_2","OBZ","Munich",37.2,2021,2,"OBZ_2021",9.875,5.69785939012475,53.75,5.375,4.25078189137302,16,4.5,3.30931902336164,37.75,0.912753782476696,0.840923782779552,0.921816827446473
"OBZ_2021_3","OBZ","Munich",37.2,2021,3,"OBZ_2021",7.75,4.19503445796212,69.625,3.5,2.79654210622229,12.625,4.25,2.75829570010109,57.875,0.933183622666689,0.929167907821777,0.932089163804249
"OBZ_2021_4","OBZ","Munich",37.2,2021,4,"OBZ_2021",6.875,3.640784125,70.75,3.125,2.51604677429439,9.75,3.75,2.77854901562431,61,0.905835467986777,0.864116969820961,0.906579286116076
"OBZ_2022_1","OBZ","Munich",37.2,2022,1,"OBZ_2022",8.375,4.431734,47,3.75,2.97299650415892,12,3.125,2.12271213049158,28.625,0.893300174767211,0.796712270342047,0.920608769130294
"OBZ_2022_2","OBZ","Munich",37.2,2022,2,"OBZ_2022",10.375,4.492420625,61.125,4.5,3.32868335344678,8.5,3.75,2.09127128640866,42.25,0.896608633550355,0.843649477963471,0.910750605471292
"OBZ_2022_3","OBZ","Munich",37.2,2022,3,"OBZ_2022",6.875,3.816562625,63.375,4.375,3.07183965957238,16.75,2.5,1.80511374075381,46.625,0.899853626106988,0.860570234258654,0.892370492780947
"OBZ_2022_4","OBZ","Munich",37.2,2022,4,"OBZ_2022",9,5.166007625,45.375,6.375,5.06110841718362,15.25,2,1.47865378904977,27.25,0.858917752871054,0.852350313734882,0.863148174591854
"OBZ_2023_1","OBZ","Munich",37.2,2023,1,"OBZ_2023",10.75,4.831045,55,7.25,4.63858672763156,28.5,3.5,2.29968449982623,26.5,0.819585318253929,0.718546444769399,0.857041457154668
"OBZ_2023_2","OBZ","Munich",37.2,2023,2,"OBZ_2023",10.125,5.303901625,61.625,4.5,2.75627722888488,11.375,4.875,3.46697553500636,48.875,0.924712556154011,0.893565274973867,0.927583579832947
"OBZ_2023_3","OBZ","Munich",37.2,2023,3,"OBZ_2023",7.66666666666667,4.39670866666667,67.8888888888889,3.66666666666667,2.19052516289099,18.1111111111111,3.22222222222222,2.66108015667945,43.4444444444444,0.905114235454654,0.81047681215932,0.916171499073761
"OB_2021_1","OB","Munich",36.75,2021,1,"OB_2021",5.125,3.98756367231472,19,5,3.91129592383602,18.5,0.125,0.125,0.5,0.818708262041763,0.81745539522293,NA
"OB_2021_2","OB","Munich",36.75,2021,2,"OB_2021",8.5,5.13312710068796,36.375,8.375,5.03608568056961,35.375,0.125,0.125,1,0.77215013188351,0.762650699810965,NA
"OB_2021_3","OB","Munich",36.75,2021,3,"OB_2021",7.75,4.51701264964063,31.5,7.375,4.44373992236791,27.75,0.375,0.245633187772926,3.75,0.689065457119172,0.618004979463379,NA
"OB_2021_4","OB","Munich",36.75,2021,4,"OB_2021",9.5,6.1605255,36.375,8.875,6.59733997207653,30.375,0.625,0.448275862068965,6,0.788259943983393,0.765570970148098,0.707106781186547
"OB_2022_1","OB","Munich",36.75,2022,1,"OB_2022",6.25,3.578660375,16.625,6,3.33182489742798,15.375,0.125,0.125,0.375,0.819912727818696,0.774253018642127,NA
"OB_2022_2","OB","Munich",36.75,2022,2,"OB_2022",6.5,4.45428975,18.5,6.5,4.45428980328698,18.5,0,0,0,0.838238220628628,0.838238220270123,NA
"OB_2022_3","OB","Munich",36.75,2022,3,"OB_2022",6.625,5.049068375,18.375,6.375,4.98367314034388,15.875,0.25,0.25,2.5,0.800365661780798,0.786103302119546,0.707106781186547
"OPI_2021_1","OPI","Munich",44.43,2021,1,"OPI_2021",3,1.53299643281807,16.75,2,1.79467084639499,5.5,1,0.684939759036145,11.25,0.866025403798112,0.816496580942956,0.707106781186547
"OPI_2021_2","OPI","Munich",44.43,2021,2,"OPI_2021",5.5,3.64907018984424,22.5,4.5,3.40719765538958,12.1666666666667,1,0.80945558739255,10.3333333333333,0.896832315319012,0.860538836198746,0.816496580942734
"OPI_2021_3","OPI","Munich",44.43,2021,3,"OPI_2021",4.66666666666667,2.88237740556472,25.1666666666667,3.83333333333333,2.94094773680981,9.83333333333333,0.833333333333333,0.436020766529242,15.3333333333333,0.849714042725805,0.813954048747578,0.707106781186547
"OPI_2021_4","OPI","Munich",44.43,2021,4,"OPI_2021",5.33333333333333,3.97339883333333,21.3333333333333,4.16666666666667,3.40491344746664,13.6666666666667,1.16666666666667,1.0395861448493,7.66666666666667,0.81705896712547,0.765357367093443,0.707106781186548
"OPI_2022_1","OPI","Munich",44.43,2022,1,"OPI_2022",4.4,3.1458378,24,1.6,1.6,2.2,2.6,2.06321249631594,14.8,0.860890225342919,0.816496581388326,0.814463035011496
"OPI_2022_2","OPI","Munich",44.43,2022,2,"OPI_2022",4.375,3.102345625,23.375,2.625,1.91086619331619,13.75,1.125,0.983371040723981,7.5,0.921157331203909,0.901234953026787,0.881290942569864
"OPI_2022_3","OPI","Munich",44.43,2022,3,"OPI_2022",4.66666666666667,2.93979,20.3333333333333,3.16666666666667,2.37711962405728,9.5,1.5,0.873029729860808,10.8333333333333,0.7927701799218,0.714745540568845,0.707106781186547
"OPI_2022_4","OPI","Munich",44.43,2022,4,"OPI_2022",4.14285714285714,2.31662828571429,25.4285714285714,2.85714285714286,2.08669695995109,9.57142857142857,1,0.800771219001047,15.2857142857143,0.815964187476371,0.88103172052551,0.390741519811011
"OPI_2023_1","OPI","Munich",44.43,2023,1,"OPI_2023",6,4.42340775,27.5,4.5,3.27955526047795,15.75,1.5,1.36053740779768,11.75,0.826299242924056,0.789753397168892,0.816496580927725
"OPI_2023_2","OPI","Munich",44.43,2023,2,"OPI_2023",4.5,3.550707,16.3333333333333,3.33333333333333,2.75068623940804,9.66666666666667,0.666666666666667,0.666666666666667,5.5,0.863413536679236,0.824792747579653,0.674759941553883
"OPI_2023_3","OPI","Munich",44.43,2023,3,"OPI_2023",5.14285714285714,3.11985185714286,43.8571428571429,3.14285714285714,2.33988672363677,22.8571428571429,1.71428571428571,1.51764383810071,19.8571428571429,0.895977333984051,0.868739534267364,0.874090967710598
"PAS_2021_1","PAS","Munich",79.47,2021,1,"PAS_2021",6.57142857142857,4.39553830748895,26.2857142857143,6,4.71720685962084,16.8571428571429,0.571428571428571,0.447534766118837,9.42857142857143,0.871557108300928,0.804716809794611,0.707106781186549
"PAS_2021_2","PAS","Munich",79.47,2021,2,"PAS_2021",9,4.96693100200758,32.125,9,4.96693100200758,32.125,0,0,0,0.873125799507922,0.873125795856016,NA
"PAS_2021_3","PAS","Munich",79.47,2021,3,"PAS_2021",8.25,5.4427229012672,30.25,8.25,5.4427229012672,30.25,0,0,0,0.840088943125866,0.840088943125874,NA
"PAS_2021_4","PAS","Munich",79.47,2021,4,"PAS_2021",6,3.899183625,27.125,5,3.41064853748598,16.75,1,0.706032590708774,10.375,0.843567264222954,0.732583537489346,0.816496588880917
"PAS_2022_1","PAS","Munich",79.47,2022,1,"PAS_2022",2.875,2.509524,4.375,2.875,2.50952380952381,4.375,0,0,0,0.841583672801717,0.841583672801732,NA
"PAS_2022_2","PAS","Munich",79.47,2022,2,"PAS_2022",4.14285714285714,3.81176471428571,5.14285714285714,4.14285714285714,3.81176470588235,5.14285714285714,0,0,0,0.794594462844789,0.794594462845179,NA
"PAS_2022_3","PAS","Munich",79.47,2022,3,"PAS_2022",2.16666666666667,1.998525,4.5,1.66666666666667,1.66666666666667,2,0.5,0.331858407079647,2.5,0.778901570366492,0.700853125595272,NA
"PAS_2022_4","PAS","Munich",79.47,2022,4,"PAS_2022",2.85714285714286,2.652381,9.14285714285714,2.71428571428571,2.50952380952381,3.42857142857143,0.142857142857143,0.142857142857143,5.71428571428571,0.813757786464291,0.756165148471573,NA
"PAS_2023_1","PAS","Munich",79.47,2023,1,"PAS_2023",4.14285714285714,2.83353242857143,11.1428571428571,3.85714285714286,2.59215314384117,10.1428571428571,0.285714285714286,0.241379310344827,1,0.774199703570423,0.699468080731927,NA
"PAS_2023_2","PAS","Munich",79.47,2023,2,"PAS_2023",3.875,3.23800375,7,3.75,3.11300366300366,6.375,0.125,0.125,0.625,0.879964039801355,0.85311682865515,NA
"PAS_2023_3","PAS","Munich",79.47,2023,3,"PAS_2023",4.5,2.44479375,27.75,3.75,2.15625644280522,23.625,0.375,0.25530888030888,2.875,0.881770187198629,0.855158487492333,NA
"PGK_2020_1","PGK","Berlin",20.88,2020,1,"PGK_2020",6.25,3.20965522782937,33.875,5.875,3.2415722238768,31,0.375,0.163271604938271,2.875,0.839988519954274,0.804139260241335,NA
"PGK_2020_2","PGK","Berlin",20.88,2020,2,"PGK_2020",6.875,4.02776168969486,33.25,5.5,3.91965602752905,24.875,1.375,0.90413182015836,8.375,0.778933079216503,0.679502475814574,0.886690202303045
"PGK_2020_3","PGK","Berlin",20.88,2020,3,"PGK_2020",8.625,2.88751535727216,48.25,7.375,5.04811205219628,19.375,1.25,0.707393350860825,29.375,0.861506028922409,0.769382569162917,0.884319834081238
"PGK_2021_1","PGK","Berlin",20.88,2021,1,"PGK_2021",6.875,3.88787590476593,40.875,5.75,3.43887128778802,31.875,1.125,0.91690238100827,9,0.802434013998095,0.729206738528729,0.853031568230429
"PGK_2021_2","PGK","Berlin",20.88,2021,2,"PGK_2021",5.625,4.0005570268815,44.25,4.375,3.2782694317727,27.125,1.25,1.01857789179537,17.125,0.697161284098047,0.487246456338442,0.89442719102945
"PGK_2021_3","PGK","Berlin",20.88,2021,3,"PGK_2021",5.25,2.85274976354031,51.375,4.125,2.63672520959308,31,1.125,1.05272596843615,21,0.816937348519886,0.596711413723621,0.8892087383879
"PGK_2021_4","PGK","Berlin",20.88,2021,4,"PGK_2021",6.625,3.645702125,35.125,4.75,3.28176832204696,11.75,1.875,1.15925058105172,23.375,0.85994560437982,0.542212565385827,0.891153343024934
"PGK_2022_1","PGK","Berlin",20.88,2022,1,"PGK_2022",4,2.64408925,22.5,3.875,2.76708683893383,21.25,0.125,0.125,1.25,0.84578193482963,0.843498122648651,NA
"PGK_2022_2","PGK","Berlin",20.88,2022,2,"PGK_2022",4.625,2.869750625,21.25,3.875,2.49549242033719,18.25,0.75,0.579450139794968,3,0.853819992145962,0.822588861694589,0.816496580929374
"PGK_2022_3","PGK","Berlin",20.88,2022,3,"PGK_2022",5.625,3.84370275,23.875,4.375,3.55831056426167,13,1.25,1.13337104072398,10.875,0.82383868186379,0.768066035974787,0.925820099778951
"PGK_2022_4","PGK","Berlin",20.88,2022,4,"PGK_2022",5.625,2.860267625,36.75,3,2.22403699218239,14,2,1.34201011574146,20.875,0.885841347453201,0.71344367477356,0.922297257566486
"PGK_2023_1","PGK","Berlin",20.88,2023,1,"PGK_2023",5.14285714285714,2.931737,30.2857142857143,5.14285714285714,2.93173711707571,30.2857142857143,0,0,0,0.745804313804347,0.745804313804347,NA
"PGK_2023_2","PGK","Berlin",20.88,2023,2,"PGK_2023",5.125,2.974588625,33.25,3.875,2.54592928737833,22.625,1.25,0.994418046253001,10.625,0.839146972616772,0.762040773588192,0.866025404423654
"PGK_2023_3","PGK","Berlin",20.88,2023,3,"PGK_2023",5.75,3.05050325,47.25,4.75,2.84348595985329,26.125,0.625,0.527707808564231,18.375,0.849331771341022,0.704956831275613,0.816496580967516
"POL_2020_1","POL","Berlin",38.61,2020,1,"POL_2020",4.625,2.97974927925811,19.75,2.625,2.10790598290598,8.125,2,1.65348183572447,11.625,0.921466656923257,0.811385633239827,0.918980448323905
"POL_2020_2","POL","Berlin",38.61,2020,2,"POL_2020",6.14285714285714,4.47733610011483,25.2857142857143,4.71428571428571,3.54606354752865,13.4285714285714,1.42857142857143,1.16883116883117,11.8571428571429,0.879450432547064,0.811312043243993,0.815941702742464
"POL_2020_3","POL","Berlin",38.61,2020,3,"POL_2020",7.125,3.7909174305784,50.75,4,2.39979372454566,28,3.125,2.37953372840813,22.75,0.915340321850782,0.884073178593969,0.923728331410964
"POL_2021_1","POL","Berlin",38.61,2021,1,"POL_2021",5.625,3.53213641797641,37.25,3.75,2.70725488569823,25.5,1.625,1.09702001736485,10.25,0.853580351089773,0.751682735507151,0.891698281115707
"POL_2021_2","POL","Berlin",38.61,2021,2,"POL_2021",5.25,3.09341042023663,42.25,2.625,2.18880815752134,15.125,2.375,1.48641243181729,27.25,0.916462849200572,0.888713045865976,0.885031062881209
"POL_2021_3","POL","Berlin",38.61,2021,3,"POL_2021",6.125,3.93608353830779,64,3.25,2.42893661234887,17.75,2.5,1.86837154604819,46.125,0.907468662457315,0.78518492045673,0.925820099773211
"POL_2021_4","POL","Berlin",38.61,2021,4,"POL_2021",8.57142857142857,4.398911,56.7142857142857,4.57142857142857,2.90466555081419,15.5714285714286,3.28571428571429,2.44316824071533,39,0.890082049946476,0.876518541101649,0.921871544043802
"POL_2022_1","POL","Berlin",38.61,2022,1,"POL_2022",6.75,4.578382625,23.125,4.25,3.2162834541583,12.25,2.25,1.75821018062397,9.75,0.72345768764006,0.667350522128056,0.720929457311069
"POL_2022_2","POL","Berlin",38.61,2022,2,"POL_2022",3.5,2.09010675,20.625,2.625,1.62933198403488,14.375,0.875,0.603166160081054,6.25,0.906529730752016,0.869142326427432,0.816496580928235
"POL_2022_3","POL","Berlin",38.61,2022,3,"POL_2022",8.16666666666667,5.74520033333333,27.5,5.16666666666667,4.16471032160687,14,3,2.41831480066774,13.5,0.871201309715045,0.852813412931842,0.881908960544969
"POL_2022_4","POL","Berlin",38.61,2022,4,"POL_2022",10.125,5.169857,51.125,6.375,4.55378312685982,20.75,2.125,1.95045350780645,18.5,0.892133015784479,0.855620322953309,0.855410833261408
"PWVK_2021_1","PWVK","Berlin",63.42,2021,1,"PWVK_2021",8.375,4.38767694496141,57.125,5.5,3.70083119336009,20,2.875,2.08682797147468,37.625,0.880342620516354,0.720443917773264,0.916715657652688
"PWVK_2021_2","PWVK","Berlin",63.42,2021,2,"PWVK_2021",7.57142857142857,4.90390620027082,45.7142857142857,6,3.79358706018389,31.8571428571429,1.28571428571429,1.11021740397505,13.2857142857143,0.786106273393913,0.783516867299517,0.861536563526534
"PWVK_2021_3","PWVK","Berlin",63.42,2021,3,"PWVK_2021",7.28571428571429,4.08085571720609,33.4285714285714,5,3.34710000143583,14.8571428571429,2.28571428571429,1.60580984703732,18.5714285714286,0.845476679485244,0.76397470343817,0.814462543969906
"PWVK_2021_4","PWVK","Berlin",63.42,2021,4,"PWVK_2021",5.28571428571429,3.43975885714286,26.2857142857143,3.28571428571429,2.47472769254947,8,1.71428571428571,1.18461745397946,17.4285714285714,0.81329159149132,0.686144810388641,0.860574817772881
"PWVK_2022_1","PWVK","Berlin",63.42,2022,1,"PWVK_2022",6.375,4.298394375,16.25,4.5,3.1978722534121,11.625,1.875,1.61448070607553,4.625,0.665005759118479,0.579262326375647,0.883476288063105
"PWVK_2022_2","PWVK","Berlin",63.42,2022,2,"PWVK_2022",8.125,5.616400625,26.375,6.125,4.29947001929698,19.125,1.25,1.06614877589454,4.375,0.853086537943429,0.840089722825392,0.77837820502216
"PWVK_2022_3","PWVK","Berlin",63.42,2022,3,"PWVK_2022",7,4.382086,23,4.71428571428571,3.84011264883312,9.28571428571429,2.28571428571429,1.73289017099377,13.7142857142857,0.85825014094356,0.793985516795221,0.850311523030316
"PWVK_2022_4","PWVK","Berlin",63.42,2022,4,"PWVK_2022",5.125,2.853260625,48,2.375,1.62939802802283,9.125,2.75,2.00419507093665,38.875,0.902165054964208,0.80611261930351,0.89926609355562
"PWVK_2023_1","PWVK","Berlin",63.42,2023,1,"PWVK_2023",9.66666666666667,5.14046416666667,70.5,7.33333333333333,3.95233207198692,47.8333333333333,2.33333333333333,1.39953456585296,22.6666666666667,0.809231141681136,0.761818356673416,0.776586397418097
"PWVK_2023_2","PWVK","Berlin",63.42,2023,2,"PWVK_2023",10.75,4.988958875,60.5,8.25,5.35579888173198,29,1.5,1.29292971784495,23.5,0.842936409706004,0.691386946185361,0.889018065179501
"PWVK_2023_3","PWVK","Berlin",63.42,2023,3,"PWVK_2023",5.125,2.254493625,37.875,3.875,2.46308594049465,23,1,0.500776947040499,14.5,0.801801297188844,0.748936968848385,0.816496580948976
"RB_2020_1","RB","Berlin",45.58,2020,1,"RB_2020",3.66666666666667,2.31945027066978,16,2.5,1.62326777252151,9,1.16666666666667,1.01171171171171,7,0.878991537413413,0.876859946733669,0.597789895498044
"RB_2020_2","RB","Berlin",45.58,2020,2,"RB_2020",6.85714285714286,4.29104412377558,20.4285714285714,4.14285714285714,3.20855077997935,8.14285714285714,2.71428571428571,1.86574370511378,12.2857142857143,0.907418949259586,0.883055802354027,0.86958504155384
"RB_2020_3","RB","Berlin",45.58,2020,3,"RB_2020",7.57142857142857,4.48065252532731,22.5714285714286,6.14285714285714,5.59472789115646,7.42857142857143,1.42857142857143,1.09831718893148,15.1428571428571,0.873243543654164,0.786711962769887,0.866025403793667
"RB_2021_1","RB","Berlin",45.58,2021,1,"RB_2021",5.71428571428571,3.80079216593949,17.2857142857143,4.42857142857143,3.86857045393631,7.28571428571429,1.28571428571429,1.05581007913369,10,0.882020665811057,0.844821543929633,0.816496585183256
"RB_2021_2","RB","Berlin",45.58,2021,2,"RB_2021",3.42857142857143,2.45775426693597,29.8571428571429,1.57142857142857,1.26964886964887,3.71428571428571,1.85714285714286,1.51869923897562,26.1428571428571,0.894089057801355,0.868710253377735,0.894427191097211
"RB_2021_3","RB","Berlin",45.58,2021,3,"RB_2021",7.57142857142857,5.3010726339025,24.2857142857143,6.57142857142857,4.9065129786654,19.4285714285714,1,0.975471269588917,4.85714285714286,0.831732426328329,0.811446221030649,0.679224211875361
"RB_2021_4","RB","Berlin",45.58,2021,4,"RB_2021",6.75,4.51079325,22.25,4.5,3.73762813715094,12.75,1.75,1.44444444444445,7,0.832875414570434,0.811223441726503,0.848810506515697
"SA_2021_1","SA","Munich",49.49,2021,1,"SA_2021",7.42857142857143,4.80796492602842,46.5714285714286,5.42857142857143,4.01432667507664,28.1428571428571,2,1.55275674359514,18.5714285714286,0.891215276820374,0.84812302170306,0.877825787187031
"SA_2021_2","SA","Munich",49.49,2021,2,"SA_2021",12.375,5.67376516316493,62.625,8,5.59597610697119,20,4.375,2.96163088698796,44.625,0.914561528186057,0.81612717303073,0.927352608132154
"SA_2021_3","SA","Munich",49.49,2021,3,"SA_2021",12.8571428571429,5.50664379584745,90.1428571428571,9.14285714285714,5.99759139705094,37.8571428571429,3.71428571428571,2.62039272702611,65.4285714285714,0.888589862909718,0.879527759648106,0.897240554143915
"SA_2021_4","SA","Munich",49.49,2021,4,"SA_2021",9.875,Inf,55.75,7.25,5.0146259578008,28.375,2.625,1.94539669486757,27.375,0.873699045674799,0.836735666716165,0.875739748110236
"SA_2021_5","SA","Munich",49.49,2021,5,"SA_2021",5,2.892282375,37.5,2.625,1.94518875165725,8.125,1.375,0.984117099964491,26.625,0.920956363396151,0.884970633134853,0.89571020814751
"SA_2022_1","SA","Munich",49.49,2022,1,"SA_2022",9.125,5.014307625,44.25,5.125,3.84864827643194,16.625,3.125,2.34060273624474,19.75,0.890638273454251,0.873245273459985,0.918109364256101
"SA_2022_2","SA","Munich",49.49,2022,2,"SA_2022",11,6.534816,39.375,9.375,5.50202524653366,32.375,1.625,1.25448744236133,7,0.860447304326952,0.842274944268987,0.803779812247803
"SA_2022_3","SA","Munich",49.49,2022,3,"SA_2022",14.125,8.229609875,47.75,9.25,7.2074412857234,23,4.875,3.05967054651821,24.75,0.910405972041077,0.866146210699628,0.913586583011829
"SA_2022_4","SA","Munich",49.49,2022,4,"SA_2022",8.375,4.172267875,59,5,3.81926498840737,16.375,2.75,1.95017402260087,36.875,0.89371182451285,0.828146312199414,0.894427191213399
"SA_2022_5","SA","Munich",49.49,2022,5,"SA_2022",5.5,3.2781855,44.5,1.75,1.48220418284752,7,3.75,2.56554037338717,37.5,0.921823888045658,0.871837350458945,0.922400905831613
"SA_2023_1","SA","Munich",49.49,2023,1,"SA_2023",5.75,3.62334325,16.75,4.75,3.6746511627907,11.25,1,0.736486486486488,5.5,0.829277057714963,0.787998416641559,0.707106781186547
"SA_2023_2","SA","Munich",49.49,2023,2,"SA_2023",5.71428571428571,3.74672085714286,21.7142857142857,3.85714285714286,3.25458578688392,10.5714285714286,1.71428571428571,1.27945079671213,10.4285714285714,0.878925644254213,0.881581817581501,0.828845629609516
"SA_2023_3","SA","Munich",49.49,2023,3,"SA_2023",6.2,3.2280366,41,3.8,2.46018343070621,16.4,2.6,1.68271930233929,24.6,0.889889637394321,0.870231976557138,0.894427191339934
"SCH_2020_1","SCH","Berlin",24.45,2020,1,"SCH_2020",6,3.28069901413045,26.875,3.875,2.95635560675883,8.25,2.125,1.3289512720408,18.625,0.914893244907397,0.83850141546317,0.893566139921424
"SCH_2020_2","SCH","Berlin",24.45,2020,2,"SCH_2020",7,3.71759280186201,37,4.5,3.36678038278833,14.375,2.5,1.56476120321343,22.625,0.868878887093252,0.804665502418024,0.742879395111691
"SCH_2020_3","SCH","Berlin",24.45,2020,3,"SCH_2020",8.625,3.88345951665245,35.125,6.125,4.6775078369906,8.375,2.5,1.65502019871324,26.75,0.904097806255783,0.830029203407049,0.872810179603761
"SCH_2021_1","SCH","Berlin",24.45,2021,1,"SCH_2021",6.375,3.73568124761455,48,3.5,2.23582809597495,23,2.75,2.00813148524936,23.75,0.905179951273656,0.860677917397235,0.882956431603156
"SCH_2021_2","SCH","Berlin",24.45,2021,2,"SCH_2021",7.42857142857143,4.31612014314016,61.5714285714286,4.28571428571429,2.60262196199141,36.2857142857143,3,2.50037552677284,26.1428571428571,0.900076505382404,0.892474570874616,0.899279664483246
"SCH_2021_3","SCH","Berlin",24.45,2021,3,"SCH_2021",4.875,3.49573944699992,38.375,2.875,2.13625280119256,21,1.875,1.53216023550607,16.125,0.924087007289413,0.928287696345084,0.86928468319864
"SCH_2021_4","SCH","Berlin",24.45,2021,4,"SCH_2021",6.125,3.445538625,38.375,4.5,2.89807783050668,21.625,1.5,0.831308568546934,16.375,0.909925144988564,0.880387290408475,0.844989084509696
"SCH_2022_1","SCH","Berlin",24.45,2022,1,"SCH_2022",4.33333333333333,3.38081833333333,13.8333333333333,3,2.25712103636811,9,1.33333333333333,1.16666666666667,4.83333333333333,0.829358613485042,0.823294259530496,0.782909938172906
"SCH_2022_2","SCH","Berlin",24.45,2022,2,"SCH_2022",8.375,4.033952875,49.5,4.875,3.0422039721137,26.125,3.375,2.30397777263813,22.875,0.901409667031261,0.849460513299129,0.871000200038937
"SCH_2022_3","SCH","Berlin",24.45,2022,3,"SCH_2022",5.16666666666667,3.8630365,20.3333333333333,3,2.38269598815585,10.5,2.16666666666667,1.73696610427117,9.83333333333333,0.906421658565104,0.87345184037791,0.81649658098937
"SCH_2022_4","SCH","Berlin",24.45,2022,4,"SCH_2022",6.42857142857143,4.43024114285714,37.4285714285714,4.57142857142857,3.55057771490409,21.7142857142857,1.71428571428571,1.21466779859706,14.5714285714286,0.884310039665587,0.842466378604652,0.854656105749808
"SCH_2023_1","SCH","Berlin",24.45,2023,1,"SCH_2023",7.22222222222222,4.42885533333333,29.5555555555556,5.44444444444444,3.36749215873359,20.5555555555556,1.33333333333333,1.1304730289688,6.77777777777778,0.819986798586684,0.786207378787844,0.877374900311398
"SCH_2023_2","SCH","Berlin",24.45,2023,2,"SCH_2023",5.71428571428571,3.89589457142857,40.5714285714286,3.71428571428571,2.38105127225461,20.2857142857143,1.71428571428571,1.40790273556231,18.8571428571429,0.817941595632212,0.766182440574861,0.882140879261683
"SCH_2023_3","SCH","Berlin",24.45,2023,3,"SCH_2023",9,5.530140875,65.625,5.75,3.64683180587798,40.25,2.5,1.90208909665982,23.625,0.893837031833312,0.873488083009989,0.839035737174923
"SFM_2020_1","SFM","Berlin",27.82,2020,1,"SFM_2020",10.125,6.09158333026959,23.5,7.5,5.19456206225716,14.125,2.625,2.09306285501938,9.375,0.878487344771883,0.815332330419615,0.902932066139775
"SFM_2020_2","SFM","Berlin",27.82,2020,2,"SFM_2020",19.375,6.89910736511812,68.625,13.375,9.22243946784598,32,6,2.92906487329124,37.375,0.888432802492629,0.797497018761108,0.898111742274817
"SFM_2020_3","SFM","Berlin",27.82,2020,3,"SFM_2020",16,6.40751003932531,58.125,11.625,6.95968721671878,27.625,4.375,2.58735336793743,30.5,0.899988828150297,0.771388531551634,0.895100222495315
"SFM_2021_1","SFM","Berlin",27.82,2021,1,"SFM_2021",12.75,6.83335264883056,72.875,9.75,6.18981496420115,48,2.625,1.7235509713958,24.125,0.859387030577046,0.821778081690062,0.884546363739736
"SFM_2021_2","SFM","Berlin",27.82,2021,2,"SFM_2021",8.875,6.07882796357369,50.875,4.5,3.27582900139331,16.25,4.375,3.67450854124767,34.625,0.913277576252088,0.829538635603719,0.911728823559341
"SFM_2021_3","SFM","Berlin",27.82,2021,3,"SFM_2021",12.875,6.92433843246863,51.625,9.125,5.92410131125256,31.375,3.5,1.91532397800939,19.625,0.904403349196357,0.845553326156848,0.878898030313175
"SFM_2021_4","SFM","Berlin",27.82,2021,4,"SFM_2021",15.25,6.32153725,54.25,10.25,6.58271212099587,20.75,4.625,2.96461805496574,30.375,0.902583560648702,0.818060090387019,0.899524073993485
"SFM_2022_1","SFM","Berlin",27.82,2022,1,"SFM_2022",8.125,4.857967125,19.5,6.375,4.10635077266364,12.25,1.5,1.06395853423337,6.875,0.881749223154375,0.833484775628015,0.891911104659372
"SFM_2022_2","SFM","Berlin",27.82,2022,2,"SFM_2022",7.75,5.321021875,19.5,5.25,3.85789830324714,10.25,2.125,1.8062358276644,8.625,0.879880563246993,0.858601265555713,0.866190541721414
"SFM_2022_3","SFM","Berlin",27.82,2022,3,"SFM_2022",5.875,3.872451875,20,4.5,3.35884154815673,11.25,1.375,1.24242424242424,8.75,0.921927798361307,0.88393940259575,0.925820099772556
"SFM_2022_4","SFM","Berlin",27.82,2022,4,"SFM_2022",9.25,5.248553375,32.875,5.625,4.43381107586892,14.75,2.875,1.78019810585956,16.875,0.855826227380211,0.85947491113213,0.651266739879271
"SFM_2023_1","SFM","Berlin",27.82,2023,1,"SFM_2023",15.8333333333333,6.6411615,93.3333333333333,12.8333333333333,6.65768793116967,68.6666666666667,2.83333333333333,1.63649389927957,27.5,0.761471841465642,0.647561161370987,0.862285811987061
"SFM_2023_2","SFM","Berlin",27.82,2023,2,"SFM_2023",12.125,6.78051075,46,8.25,4.98912550959223,23.75,3.5,2.58369956426176,20.375,0.850368823160608,0.720355069199153,0.889735529071219
"SFM_2023_3","SFM","Berlin",27.82,2023,3,"SFM_2023",17,7.33478444444444,80.3333333333333,9.88888888888889,7.16347376592733,29.2222222222222,6.77777777777778,3.72263521363228,62.8888888888889,0.923204633967312,0.867647989063889,0.925479717382472
"SG_2021_1","SG","Munich",63.95,2021,1,"SG_2021",8.125,5.48238776789829,47,5.375,3.63811977475998,30.625,2.75,2.21812537649889,16.375,0.901333643524122,0.859629852709839,0.891686464919735
"SG_2021_2","SG","Munich",63.95,2021,2,"SG_2021",8.25,5.09013442595421,50.875,6.25,4.79140176744591,24.75,2,1.36049524344467,26.75,0.860719737064064,0.830859166668218,0.865965988979252
"SG_2021_3","SG","Munich",63.95,2021,3,"SG_2021",9.125,5.94659925895004,59.25,4.75,3.44012345936422,27.625,4.375,2.89018621699846,31.625,0.869194053528175,0.776291534198141,0.889477053916173
"SG_2021_4","SG","Munich",63.95,2021,4,"SG_2021",8.75,4.684094375,63.875,6.5,3.80068022257962,38.375,2.25,1.40125860253904,25.5,0.845996105141982,0.794740102169695,0.893036164629437
"SG_2022_1","SG","Munich",63.95,2022,1,"SG_2022",8,5.43208657142857,27.8571428571429,5.14285714285714,3.45153428126272,14.4285714285714,2.42857142857143,1.92503758713804,12,0.890605929580386,0.871828816659171,0.796677954475661
"SG_2022_2","SG","Munich",63.95,2022,2,"SG_2022",9.625,6.098851,32.25,4.5,3.05807473076545,10.625,4.75,3.72119642243934,20.25,0.887748434401012,0.884967334305086,0.892075185905537
"SG_2022_3","SG","Munich",63.95,2022,3,"SG_2022",6.25,3.236991125,36.25,2,1.39247119522215,7,4.125,2.04911238669857,29.125,0.918620519077661,0.835411079380557,0.92201982988562
"SG_2022_4","SG","Munich",63.95,2022,4,"SG_2022",6.5,3.0070555,38.75,4.75,3.05211874522968,19.125,1.25,0.831821452897246,12.75,0.926452880380818,0.873744045576558,0.866025403936511
"SG_2023_1","SG","Munich",63.95,2023,1,"SG_2023",6.5,3.87875325,25.25,5.25,3.0772380952381,20,1.25,1.09113973458236,5.25,0.828550575560831,0.799782810944119,0.707106781186547
"SG_2023_2","SG","Munich",63.95,2023,2,"SG_2023",6.83333333333333,4.604173,33,4.16666666666667,2.42356361587131,16.8333333333333,2.66666666666667,2.23144399460189,16.1666666666667,0.873769576049023,0.744671221936697,0.850810288376466
"SG_2023_3","SG","Munich",63.95,2023,3,"SG_2023",9.75,5.85126225,62.625,5.5,3.56768184538444,30.375,4.125,2.9486568574955,32.125,0.907995994533958,0.867520639460435,0.903579847924849
"SS_2021_1","SS","Munich",25.32,2021,1,"SS_2021",8.25,4.30968510061718,55.375,5.75,3.06871341887761,42,2.5,2.00757948947604,14,0.823159006138117,0.775060960850163,0.904908986701898
"SS_2021_2","SS","Munich",25.32,2021,2,"SS_2021",11.375,5.76347716811996,77,6.25,3.91108530155963,23.5,5.125,3.40807824593884,53.5,0.89595848438467,0.773809805483115,0.925737523878715
"SS_2021_3","SS","Munich",25.32,2021,3,"SS_2021",12.25,6.76485944119195,64.125,8.875,6.39596290782142,29.25,3.375,2.24084657907953,37.375,0.91095724185487,0.805903860835663,0.919610162296835
"SS_2021_4","SS","Munich",25.32,2021,4,"SS_2021",8.75,4.898363625,53.75,5,3.47974111261194,22.125,2.25,1.74708903176632,24.125,0.879182282741541,0.765963506038676,0.920273759679598
"SS_2021_5","SS","Munich",25.32,2021,5,"SS_2021",5.71428571428571,3.03075757142857,31.4285714285714,3.28571428571429,2.55462740821519,7.71428571428571,1.85714285714286,1.30911495877661,21.7142857142857,0.892933598406343,0.8851069903005,0.846572831258841
"SS_2022_1","SS","Munich",25.32,2022,1,"SS_2022",8.125,5.412603625,32.875,5.25,3.80138362718954,16.875,2.25,1.54973214012193,12.125,0.841556193881068,0.804501105533505,0.895444362527008
"SS_2022_2","SS","Munich",25.32,2022,2,"SS_2022",10.125,5.257090875,44.625,5.5,3.43800182423505,14.25,4.5,2.8530321911491,29.875,0.865663800237312,0.814503898730434,0.882717921031676
"SS_2022_3","SS","Munich",25.32,2022,3,"SS_2022",6.625,3.71527475,35.5,4.125,3.17220583113078,13,2.5,1.91351468682964,22.5,0.882299668965359,0.842582690783806,0.885200743500513
"SS_2022_4","SS","Munich",25.32,2022,4,"SS_2022",10,4.8339235,56.375,6.875,4.71829599165981,29.75,2.25,1.74362866827735,21.75,0.883872713194435,0.77855423144982,0.905817522432986
"SS_2022_5","SS","Munich",25.32,2022,5,"SS_2022",5.375,3.95147025,19.625,4.125,3.24780469005369,13.5,1.25,1.24038461538461,6.125,0.882388501675215,0.875964865178967,0.912870929175769
"SS_2023_1","SS","Munich",25.32,2023,1,"SS_2023",9,5.856467,35,8,5.14747221407409,32,1,0.857142857142858,3,0.72941566727929,0.719326503832056,NA
"SS_2023_2","SS","Munich",25.32,2023,2,"SS_2023",10,5.150143,50.5,5.125,4.06904761904762,11.25,3.625,2.55982557098166,36,0.927555800694993,0.873574856142575,0.935070856720556
"SS_2023_3","SS","Munich",25.32,2023,3,"SS_2023",9.875,5.58185625,67,5.875,4.37065448721488,23.625,3.625,2.43318328770267,41.75,0.912662864062686,0.841508774433661,0.921302213754358
"VG_2020_1","VG","Berlin",90.32,2020,1,"VG_2020",6.75,3.65597551038301,23.5,4.5,3.99448621553885,8,2.25,1.77777777777778,15.5,0.858672132180643,0.817936027536307,0.816496581748086
"VG_2020_2","VG","Berlin",90.32,2020,2,"VG_2020",7.8,5.35671624285989,26,6.2,4.96444444444444,8,1.6,1.07949619494604,18,0.839638467781816,0.724975743062175,0.67647558224409
"VG_2020_3","VG","Berlin",90.32,2020,3,"VG_2020",9.4,4.43882422538285,27.4,7,3.83108878601836,18.2,2.4,1.60137462537462,9.2,0.864473635223513,0.855395957708635,0.813891277127507
"VG_2021_1","VG","Berlin",90.32,2021,1,"VG_2021",8.4,5.13278610178558,31.8,5.8,3.80929396662388,15.6,2.6,1.75349228611501,16.2,0.818247013624138,0.791550671450762,0.7836059215627
"VG_2021_2","VG","Berlin",90.32,2021,2,"VG_2021",3.66666666666667,2.96220986742351,18.3333333333333,2,1.84003499980114,10.6666666666667,1.66666666666667,1.1834451901566,7.66666666666667,0.816496580927897,0.816496580966997,NA
"VG_2021_3","VG","Berlin",90.32,2021,3,"VG_2021",5.25,3.46399002284684,30,3.75,3.07891224557891,17,1.5,1.22463768115942,13,0.853250988630625,0.853250988557136,NA
"VG_2021_4","VG","Berlin",90.32,2021,4,"VG_2021",9.2,7.1625278,26,5.4,4.18175115207373,10.8,3.8,3.15178968655207,15.2,0.875326261828249,0.871721404658594,0.866025403834403
"VG_2022_1","VG","Berlin",90.32,2022,1,"VG_2022",5.2,3.122417,15.8,2.6,2.26434782608696,3.6,1.6,1.04647083459937,9.4,0.885213665423093,0.853050571466069,0.816496580949995
"VG_2022_2","VG","Berlin",90.32,2022,2,"VG_2022",3.5,3.222222,4,3.5,3.22222222222222,4,0,0,0,0.707106781186548,0.707106781186548,NA
"VG_2022_3","VG","Berlin",90.32,2022,3,"VG_2022",8,5.47503133333333,25,3,1.85767372723894,7.66666666666667,5,3.64257964257964,17.3333333333333,0.816496580927854,0.707106781186548,0.816496580962172
"VG_2022_4","VG","Berlin",90.32,2022,4,"VG_2022",4,2.58985133333333,19.3333333333333,3.33333333333333,3.04951370468612,7.66666666666667,0.666666666666667,0.563218390804597,11.6666666666667,0.807945558757668,0.742716796697995,NA
"VG_2023_1","VG","Berlin",90.32,2023,1,"VG_2023",8.5,4.652379,36.75,5.5,4.12947276100279,18.25,2.75,1.75240549828179,20,0.86065000332804,0.860198460602661,0.74115168693952
"VG_2023_2","VG","Berlin",90.32,2023,2,"VG_2023",3.71428571428571,2.74775814285714,14.7142857142857,3.14285714285714,2.44317028824071,9.71428571428571,0.142857142857143,0.142857142857143,1.42857142857143,0.86820755421457,0.867765472052319,NA
"VG_2023_3","VG","Berlin",90.32,2023,3,"VG_2023",10.2,4.6340656,38.4,9,4.07690433098596,34,0.8,0.562962962962962,3.4,0.84641064882217,0.845144356620957,0.707106781186547
"WG_2021_1","WG","Munich",70.68,2021,1,"WG_2021",5,4.76190476190476,20,0,0,0,5,4.76190476190476,20,NA,NA,NA
"WG_2021_2","WG","Munich",70.68,2021,2,"WG_2021",3.75,2.6962978378263,21.75,3.25,2.35883661512709,20.25,0.5,0.5,1.5,0.82308842051475,0.822244654710879,0.707106781186548
"WG_2021_3","WG","Munich",70.68,2021,3,"WG_2021",3.4,2.13756424536159,19,2.4,1.98962962962963,3.8,1,0.689226594301222,15.2,0.838917666648328,0.890849267509871,0.802466857535738
"WG_2021_4","WG","Munich",70.68,2021,4,"WG_2021",5,3.45584033333333,10.6666666666667,4.66666666666667,3.14814814814815,10,0.333333333333333,0.333333333333333,0.666666666666667,0.765982897588888,0.76598289764164,NA
"WG_2022_1","WG","Munich",70.68,2022,1,"WG_2022",9.5,5.190461,38.5,5,4.44736842105263,6.5,4,3.24702198207049,31.5,0.707106781186548,NA,0.707106781186547
"WG_2022_2","WG","Munich",70.68,2022,2,"WG_2022",5,3.83668433333333,14,0.333333333333333,0.333333333333333,0.333333333333333,3,2.30579297245964,10.3333333333333,0.735060229581377,NA,0.816496581532095
"WG_2022_3","WG","Munich",70.68,2022,3,"WG_2022",4.8,2.1993728,27.8,1.4,1.29333333333333,2.4,3.4,1.4730810781549,25.4,0.888085653943017,0.86602540396375,0.796501922942215
"WG_2022_4","WG","Munich",70.68,2022,4,"WG_2022",1.5,1.3,2.5,1.5,1.3,2.5,0,0,0,0.707106781186548,0.707106781186548,NA
"WL_2020_1","WL","Berlin",55.67,2020,1,"WL_2020",8.875,4.5924177189958,47.75,6.125,3.43231860651851,17.875,2.75,1.73192507826304,36.125,0.903202247440089,0.883994709689458,0.889825301778392
"WL_2020_2","WL","Berlin",55.67,2020,2,"WL_2020",8.625,5.84351902547196,19.5,7.25,5.11510691328873,14.5,1.375,1.10282258064516,5,0.861093293648913,0.837829273394847,0.894427191440417
"WL_2020_3","WL","Berlin",55.67,2020,3,"WL_2020",12.125,4.76358761909124,62.375,10.375,7.51935164191022,23,1.75,1.01589295352472,40.25,0.751446350986163,0.850780209342008,0.525861031466269
"WL_2021_1","WL","Berlin",55.67,2021,1,"WL_2021",11,7.11671790232502,72.5,8.75,5.87367748631259,51.875,1.875,1.69728371326232,13.375,0.870198916353619,0.829329264240792,0.901891480625748
"WL_2021_2","WL","Berlin",55.67,2021,2,"WL_2021",7,4.2360392328965,61,5.14285714285714,3.74457154778967,37.7142857142857,1.85714285714286,1.09252476239149,23.2857142857143,0.903502110958488,0.88737888903727,0.816496580938169
"WL_2021_3","WL","Berlin",55.67,2021,3,"WL_2021",8.5,5.0183725,43.875,8,4.69660949307151,41.125,0.5,0.332792207792208,2.75,0.853014141218558,0.8458741662008,0.707106781186547
"WL_2021_4","WL","Berlin",55.67,2021,4,"WL_2021",8.75,4.166332,58.875,6.75,3.73022675305864,36.125,2,1.29847838404119,23.375,0.877395768274026,0.840438900454574,0.882834993096179
"WL_2022_1","WL","Berlin",55.67,2022,1,"WL_2022",9.875,6.057218875,32.25,7.375,5.66349750518843,17.625,2,1.78066037735849,6.75,0.824482186635025,0.746686309234891,0.7960277002844
"WL_2022_2","WL","Berlin",55.67,2022,2,"WL_2022",7,4.594209625,35.5,4.75,3.0568232470206,25.125,1.75,1.25925480769231,8,0.891169464334464,0.888087429948425,0.816496580949167
"WL_2022_3","WL","Berlin",55.67,2022,3,"WL_2022",7.375,5.431816375,27.25,3.5,2.748054548766,10.625,3.375,2.93039857708788,13,0.910121342033234,0.877062283250226,0.900395429854667
"WL_2022_4","WL","Berlin",55.67,2022,4,"WL_2022",9.42857142857143,5.65567428571429,44,7.85714285714286,5.40902564377559,26.5714285714286,1.28571428571429,0.928876578564387,16.8571428571429,0.898871894758979,0.8849421743714,0.792823949415707
"WL_2023_1","WL","Berlin",55.67,2023,1,"WL_2023",8.25,5.18826075,47.75,6.25,4.0608315929204,36.125,1.25,1.01233705772812,11.125,0.844164422035443,0.814667024065638,0.866025403786227
"WL_2023_2","WL","Berlin",55.67,2023,2,"WL_2023",9.85714285714286,5.41917285714286,66.1428571428571,6.71428571428571,4.50426974261576,33.1428571428571,2.42857142857143,1.75344796962444,30.2857142857143,0.796408793207546,0.675806337038364,0.847232933235728
"WL_2023_3","WL","Berlin",55.67,2023,3,"WL_2023",10,4.9916119,73,6.5,3.49724147241266,51.6,3,2.08981134154066,28.4,0.80215650606884,0.740079702986478,0.85463362057028
"WS_2020_1","WS","Berlin",49.43,2020,1,"WS_2020",7.125,2.57200701962239,27.25,5.125,3.24919388965126,14.75,2,1.00548807420373,12.5,0.923799002670255,0.907514250338613,0.904494743025266
"WS_2020_2","WS","Berlin",49.43,2020,2,"WS_2020",8,3.00820927813741,45.25,4.375,3.66353383458647,6.125,3.625,1.70064922208372,39.125,0.909473963020259,0.901227528554727,0.909386420688136
"WS_2020_3","WS","Berlin",49.43,2020,3,"WS_2020",12.5,5.67607458612705,41.375,9.375,6.68262950817299,14.375,3.125,2.15938697816095,27,0.867486771942795,0.847529540652212,0.879795465476725
"WS_2021_1","WS","Berlin",49.43,2021,1,"WS_2021",5.85714285714286,3.39798870398329,31.4285714285714,5,2.88856329212236,25.8571428571429,0.857142857142857,0.751552795031056,5.57142857142857,0.797949257456543,0.725362990534123,0.707106781186548
"WS_2021_2","WS","Berlin",49.43,2021,2,"WS_2021",7.14285714285714,3.99573509622097,58.4285714285714,4.14285714285714,2.61537571512221,15.4285714285714,2.85714285714286,2.3039978405483,42.7142857142857,0.859365719022127,0.896569588033435,0.857228738804508
"WS_2021_3","WS","Berlin",49.43,2021,3,"WS_2021",7.25,3.74345461046538,59.25,5,3.45613107672871,18,2.125,1.48947042223419,41.625,0.887038352449251,0.856623824780197,0.86224581310456
"WS_2021_4","WS","Berlin",49.43,2021,4,"WS_2021",7.375,3.687678875,54.375,4.75,2.99996912747432,27.25,2.5,1.93322733439095,27.625,0.896240004252832,0.862525139959627,0.907182758145261
"WS_2022_1","WS","Berlin",49.43,2022,1,"WS_2022",6.42857142857143,4.38119357142857,17,4.28571428571429,3.3900289397527,8.85714285714286,2,1.65061107117182,8,0.903086851132436,0.841956408643202,0.865939983389222
"WS_2022_2","WS","Berlin",49.43,2022,2,"WS_2022",7.375,4.61496375,22.75,5.125,2.96072628890233,16.5,2.125,1.88002223869533,6.125,0.925073301605473,0.895477693200638,0.889561253734378
"WS_2022_3","WS","Berlin",49.43,2022,3,"WS_2022",5,2.64305875,24.875,2.75,2.01291130871135,7.75,2.25,1.5269591905065,17.125,0.924926217819567,0.868392817232835,0.91991987465541
"WS_2022_4","WS","Berlin",49.43,2022,4,"WS_2022",5.625,3.3671955,30.5,3.375,2.9284393858376,7.75,1.875,1.56880773944193,21.75,0.90286563657977,0.827131002017299,0.892598600045279
"WS_2023_1","WS","Berlin",49.43,2023,1,"WS_2023",11,5.12623725,44.5,8.375,5.8906449876504,26.75,2.125,1.39726896349767,17.25,0.905772764485416,0.825519860241389,0.904268412950163
"WS_2023_2","WS","Berlin",49.43,2023,2,"WS_2023",14,6.13975714285714,57.8571428571429,10.8571428571429,5.42871187357204,35.1428571428571,3,2.10983324658119,22.5714285714286,0.883012815534433,0.850718613133114,0.914051917945556
"WS_2023_3","WS","Berlin",49.43,2023,3,"WS_2023",10.875,6.055783875,61,9.625,5.84060515357996,39.25,1.25,0.974985987897515,21.75,0.897411626844882,0.850520986196295,0.912870929185048
"ZKU_2022_1","ZKU","Berlin",83,2022,1,"ZKU_2022",10.1428571428571,5.37771685714286,31,8.28571428571429,4.96228760218094,22,1.57142857142857,1.16184356996387,7.28571428571429,0.847790771770085,0.803077744504917,0.894427191240385
"ZKU_2022_2","ZKU","Berlin",83,2022,2,"ZKU_2022",10.8571428571429,5.06577785714286,40.7142857142857,7.14285714285714,4.21165396172071,17.8571428571429,2,1.40445753559156,10,0.906714798460462,0.878945594904309,0.866025403951892
"ZKU_2022_3","ZKU","Berlin",83,2022,3,"ZKU_2022",8.66666666666667,5.18809083333333,43.1666666666667,4.66666666666667,3.178056153218,20,4,3.24633813158479,23.1666666666667,0.806488351500664,0.6471517132994,0.841839824285103
"ZKU_2022_4","ZKU","Berlin",83,2022,4,"ZKU_2022",8.14285714285714,4.90977028571429,50,3.85714285714286,2.64353833392213,11.5714285714286,3.28571428571429,2.09158038905387,35.7142857142857,0.885976950585681,0.868238828123717,0.893763437215349
"ZKU_2023_1","ZKU","Berlin",83,2023,1,"ZKU_2023",14.25,8.10248875,43.625,11.625,7.00113773048428,37.5,1.875,1.40164094995304,14.125,0.844583458699846,0.789406508227182,0.894427194898948
"ZKU_2023_2","ZKU","Berlin",83,2023,2,"ZKU_2023",12.1428571428571,6.34459442857143,40.5714285714286,9.85714285714286,5.118877196935,29.1428571428571,0.857142857142857,0.728275044457617,6.14285714285714,0.843645123486665,0.766052969467579,0.866025403784811
"ZKU_2023_3","ZKU","Berlin",83,2023,3,"ZKU_2023",15,7.12664575,76.375,10.75,4.95377059397283,55.5,2.75,1.88587040696421,25.625,0.777567442908448,0.654397913043089,0.902286401229192
